<?xml version="1.0" encoding="UTF-8"?>
<nifty xmlns="http://nifty-gui.sourceforge.net/nifty.xsd" xmlns:xsi="http://www.w3.org/2001/XMLSchema-instance" 
xsi:schemaLocation="http://nifty-gui.sourceforge.net/nifty.xsd http://nifty-gui.sourceforge.net/nifty.xsd">
    <useStyles filename="nifty-default-styles.xml" />
    <useControls filename="nifty-default-controls.xml" />
    
   
    
    
    <screen id="start" controller="mygame.menus.MyStartScreen">
        <layer id="background" childLayout="center">
            <image filename="background.png"></image>
        </layer>
        
        <layer id="foreground" childLayout="vertical">
            <panel id="panel_top" height="35%" width="75%" align="center" childLayout="center">  
               
            </panel>
            
            <panel id="panel_mid" height="10%" width="75%" align="center" childLayout="center">       
                <control name="button" label="New Game" id="StartButton" align="center" valign="center" 
visibleToMouse="true"> 
                    <interact onClick="go(start_game)" />
                </control>
            </panel>
            
            <panel id="panel_mid" height="10%" width="75%" align="center" childLayout="center">       
                <control name="button" label="How to Play" id="HPButton" align="center" valign="center" 
visibleToMouse="true"> 
                    <interact onClick="go(hp)" />
                </control>
            </panel>
            
            <panel id="panel_mid" height="10%" width="75%" align="center" childLayout="center">       
                <control name="button" label="About" id="AboutButton" align="center" valign="center" 
visibleToMouse="true"> 
                    <interact onClick="go(about)" />
                </control>
            </panel>
           
            <panel id="panel_mid" height="10%" width="75%" align="center" childLayout="center">      
                <control name="button" label="Quit" id="QuitButton" align="center" valign="center" 
visibleToMouse="true" > 
                    <interact onClick="quitGame()"/>
                </control>
            </panel>
            
        </layer>
    </screen>
    
    
    <screen id="about" controller="mygame.menus.MyStartScreen">
        <layer id="background" childLayout="center">
            <image filename="background2.png"></image>
        </layer>
        
        <layer id="foreground" childLayout="vertical">
            <panel id="panel_top" height="25%" width="75%" align="center" childLayout="center">  
                <image filename="intro-logo.png"></image>
            </panel>
            
            <panel id="panel_mid" height="60%" width="75%" align="center" childLayout="center">       
                <text text="TO DO ABOUT" font="Interface/Fonts/Default.fnt" width="100%" height="100%" />
            </panel>
            
            <panel id="panel_mid" height="15%" width="75%" align="center" childLayout="center">       
                <control name="button" label="Back" id="BackButton" align="center" valign="center" 
visibleToMouse="true"> 
                    <interact onClick="go(start)" />
                </control>
            </panel>
            
        </layer>
    </screen>
    
    <screen id="hp" controller="mygame.menus.MyStartScreen">
        <layer id="background" childLayout="center">
            <image filename="background2.png"></image>
        </layer>
        
        <layer id="foreground" childLayout="vertical">
            <panel id="panel_top" height="25%" width="75%" align="center" childLayout="center">  
                 <image filename="intro-logo.png"></image>
            </panel>
            
            <panel id="panel_mid" height="65%" width="75%" align="center" childLayout="center">       
                <image filename="how.png"></image>
            </panel>
            
            <panel id="panel_mid" height="10%" width="75%" align="center" childLayout="center">       
                <control name="button" label="Back" id="BackButton" align="center" valign="center" 
visibleToMouse="true"> 
                    <interact onClick="go(start)" />
                </control>
            </panel>
            
        </layer>
    </screen>
    
    <screen id="start_game" controller="mygame.menus.MyStartScreen">
        <layer id="background" childLayout="center">
            <image filename="background2.png"></image>
        </layer>
        
        <layer id="foreground" childLayout="vertical">
            <panel id="panel_top" height="25%" width="75%" align="center" childLayout="center">  
                 <image filename="intro-logo.png"></image>
            </panel>
            
            <panel id="panel_bottom" height="5%" width="75%" align="center" childLayout="horizontal"> 
            
                <panel id="panel_top" height="5%" width="50%" align="left" childLayout="center">  
                    <text text="Player 1" font="Interface/Fonts/Default.fnt" width="50%" height="100%" />
                </panel>
            
                <panel id="panel_top" height="5%" width="50%" align="left" childLayout="center">  
                    <text text="Player 2" font="Interface/Fonts/Default.fnt" width="50%" height="100%" />
                </panel>
            
            </panel>
            
            
            <panel id="panel_bottom" height="15%" width="75%" align="center" childLayout="horizontal"> 
            
                <panel id="panel_mid" height="100%" width="50%" align="left" childLayout="center">       
                    <control id="#player1" name="imageSelect" width="196px" imageWidth="150px" imageHeight="150px" imageList="inf.png,civil.png,chem.png,electro.png,bio.png,mec.png,metal.png" />
                </panel>
               
                <panel id="panel_mid" height="100%" width="50%" align="right" childLayout="center">       
                    <control id="#player2" name="imageSelect" width="196px" imageWidth="150px" imageHeight="150px" imageList="inf.png,civil.png,chem.png,electro.png,bio.png,mec.png,metal.png" />
                </panel>
                
            </panel>
            
             <panel id="panel_mid" height="45%" width="75%" align="center" childLayout="horizontal">   
              <panel id="panel_mid" height="100%" width="50%" align="left" childLayout="center"> 
                    <image id="#player1_img" filename="inf_desc.png"></image>
               </panel>
                  <panel id="panel_mid" height="100%" width="50%" align="right" childLayout="center"> 
                    <image id="#player2_img" filename="inf_desc.png"></image>
               </panel>
             </panel>
              
             
             
                <panel id="panel_mid"  heigth="5%" align="center" childLayout="center">       
                    <control name="button" label="Start" id="StartButton" align="right" valign="center" 
    visibleToMouse="true"> 
                        <interact onClick="startGame()" />
                    </control>
                </panel>
                
                
                
                <panel id="panel_mid"  heigth="5%" align="center" childLayout="center">       
                     <control name="button" label="Back" id="BackButton" align="left"  valign="center" 
    visibleToMouse="true"> 
                        <interact onClick="go(start)" />
                    </control>
                </panel>
                
                
           
            
           

        </layer>
    </screen>
    
     
 
    <screen id="loading" controller="mygame.menus.MyStartScreen">
        <layer id="background" childLayout="center">
            <image filename="background.png"></image>
        </layer>
        <layer id="foreground" childLayout="vertical">
            <panel id="panel_bottom" height="40%" width="75%" align="center" childLayout="horizontal"> 
            </panel>
            <panel id = "loadingpanel" childLayout="vertical" align="center" valign="center" height="10%" width="70%">
                <control id="loadingtext" name="label" align="center" 
                         text="                                                                              " font="Interface/Fonts/Default.fnt"/>
                <control id ="loadingbar" name="loadingbar" align="center" valign="center" width="100%" height="100%" />
            </panel>
        </layer>
    </screen>
    
    <controlDefinition name = "loadingbar" controller = "mygame.menus.MyStartScreen">
        <image filename="border.png" childLayout="absolute" 
               imageMode="resize:15,2,15,15,15,2,15,2,15,2,15,15">
            <image id="progressbar" x="0" y="0" filename="inner.png" width="32px" height="100%"
                   imageMode="resize:15,2,15,15,15,2,15,2,15,2,15,15" />
        </image>
    </controlDefinition>

    <screen id="startScreen" controller="mygame.menus.MyStartScreen">
        <layer id="background" childLayout="center" backgroundColor="#000f">
           
            <panel id="panel" childLayout="center" backgroundImage="intro-background.png" width="100%" height="100%">
                <effect>
                    <onStartScreen name="fade" startColor="#fff0" endColor="#ffff" length="1000" post="false"/> 
                </effect>
                <panel align="center" valign="center" childLayout="vertical">
                    <image align="center" valign="center" filename="intro-quote.png">
                        <effect>
                            <onStartScreen name="fade" startColor="#0000" endColor="#000f" length="500" startDelay="1500" post="false"/>
                        </effect>
                    </image> 
                    <image x="240px" y="400px" filename="intro-logo.png" align="center">
                        <effect>
                            <onStartScreen name="move" timeType="exp" factor="3.5" direction="top" mode="in" length="500" startDelay="3000" />
                        </effect>
                    </image>
                </panel>
            </panel>
        </layer>
    
        <layer id="background2" childLayout="center">
            <effect>
                <onStartScreen name="imageSize" startSize="2.0" endSize="1.0" length="250" startDelay="5000" />
                <onStartScreen name="fade" start="#0" end="#f" length="250" startDelay="5000" />
            </effect>
            <image filename="background.png"></image>
        </layer>
        
        <layer id="foreground" childLayout="vertical">
            <effect>
                <onStartScreen name="fade" start="#0" end="#f" length="250" startDelay="5000" />
            </effect>
            <panel id="panel_top" height="35%" width="75%" align="center" childLayout="center">  

            </panel>
            
            <panel id="panel_mid" height="10%" width="75%" align="center" childLayout="center">     
                
               
                <control name="button" label="New Game" id="StartButton" align="center" valign="center" 
visibleToMouse="true"> 
                   
                   
                    <interact onClick="go(start_game)" />
                </control>
            </panel>
            
            <panel id="panel_mid" height="10%" width="75%" align="center" childLayout="center"> 
                
               
                <control name="button" label="How to Play" id="HPButton" align="center" valign="center" 
visibleToMouse="true"> 
                   
                    
                    <interact onClick="go(hp)" />
                </control>
            </panel>
            
            <panel id="panel_mid" height="10%" width="75%" align="center" childLayout="center">
               
               
                <control name="button" label="About" id="AboutButton" align="center" valign="center" 
visibleToMouse="true"> 
                   
                    
                    <interact onClick="go(about)" />
                </control>
            </panel>
           
            <panel id="panel_mid" height="10%" width="75%" align="center" childLayout="center">    
                
               
                <control name="button" label="Quit" id="QuitButton" align="center" valign="center" 
visibleToMouse="true" > 
                   
                    
                    <interact onClick="quitGame()"/>
                </control>
            </panel>
            
        </layer>
        
        
    </screen>

</nifty>
