<?xml version="1.0" encoding="UTF-8"?>
<nifty xmlns="http://nifty-gui.sourceforge.net/nifty.xsd" xmlns:xsi="http://www.w3.org/2001/XMLSchema-instance" 
xsi:schemaLocation="http://nifty-gui.sourceforge.net/nifty.xsd http://nifty-gui.sourceforge.net/nifty.xsd">
    <useStyles filename="nifty-default-styles.xml" />
    <useControls filename="nifty-default-controls.xml" />
    
   
    
    
    <screen id="pauseScreen" controller="mygame.menus.PauseScreen">
        <layer id="background" childLayout="center">
            <image filename="background.png"></image>
        </layer>
        
        <layer id="foreground" childLayout="vertical">
           
      
            <panel id="panel_mid" height="100%" width="75%" align="center" childLayout="vertical">      
                
                     <panel id="panel_mid" height="40%" width="75%" align="center" childLayout="vertical">      
                        </panel>
                <panel id="panel_mid2" height="10%" width="100%" align="center" childLayout="vertical">      
                    <control name="button" label="Resume" id="ResumeButton" align="center" valign="center" 
                        visibleToMouse="true" > 
                        <interact onClick="resumeGame()"/>
                    </control>
                </panel>
                
                <panel id="panel_mid2" height="10%" width="100%" align="center" childLayout="vertical">   
                <control name="button" label="Back to Menu" id="EndButton" align="center" valign="center" 
visibleToMouse="true" > 
                    <interact onClick="endGame()"/>
                </control>
                </panel>
                
                <panel id="panel_mid2" height="10%" width="100%" align="center" childLayout="vertical">   
                  <control name="button" label="Quit Game" id="QuitButton" align="center" valign="center" 
visibleToMouse="true" > 
                    <interact onClick="quitGame()"/>
                </control>
                </panel>
                
            </panel>
        </layer>
    </screen>
</nifty>
